row_idx,color,label,top1_match_rate,avg_centipawn_loss,max_window_match_rate,min_window_avg_cp_loss,perfect_move_frac,longest_perfect_streak
44854,black,1,61.3,35.0,100.0,0.0,0.806,24
17200,white,0,83.3,39.8,83.3,39.8,0.833,3
34471,white,1,72.2,22.9,70.0,11.8,0.722,3
33809,white,1,65.0,47.0,80.0,33.6,0.65,5
30646,black,1,61.1,24.5,90.0,0.9,0.704,9
42748,black,0,46.2,51.0,80.0,15.6,0.577,5
27273,black,1,60.0,18.2,90.0,0.6,0.72,9
10240,white,0,45.5,57.2,100.0,0.3,0.582,12
20113,black,0,50.0,111.1,80.0,12.6,0.611,3
10764,white,0,28.9,71.3,60.0,18.8,0.4,4
13621,black,1,66.7,20.0,90.0,10.8,0.81,8
14903,black,0,25.0,134.0,50.0,134.0,0.5,4
11387,black,0,40.0,9.9,70.0,9.9,0.7,4
24150,white,0,34.8,113.5,60.0,34.5,0.391,2
17525,black,0,48.4,25.5,90.0,1.1,0.677,9
47831,white,1,56.4,21.5,90.0,2.2,0.641,6
12584,black,0,39.7,39.0,70.0,11.4,0.517,6
21222,white,1,90.0,0.0,100.0,0.0,1.0,10
44938,white,1,78.1,8.2,100.0,0.0,0.844,21
24415,black,1,54.8,12.7,100.0,0.0,0.774,10
18496,black,1,57.1,23.4,100.0,0.0,0.804,16
47025,black,1,41.0,32.0,70.0,9.8,0.564,4
21955,black,1,86.7,4.7,100.0,0.0,0.9,16
6488,white,0,36.6,61.3,60.0,23.9,0.463,4
27616,white,1,80.0,4.3,90.0,0.8,0.8,8
27428,white,0,40.0,137.5,50.0,137.5,0.5,2
2829,white,0,44.4,44.7,70.0,16.7,0.481,4
4776,white,0,37.9,36.6,90.0,13.8,0.603,9
35480,white,0,46.9,44.5,70.0,6.6,0.531,6
2982,black,1,63.2,26.1,90.0,6.8,0.789,6
