game_id,player,label,top1_match_rate,avg_centipawn_loss,max_window_match_rate,min_window_avg_cp_loss,perfect_move_frac,longest_perfect_streak
nitrobeast705_0.pgn,Nitrobeast705,0,64.7,64.0,80.0,43.7,0.647,5
nitrobeast705_1.pgn,Nitrobeast705,0,53.3,60.0,60.0,73.2,0.533,3
nitrobeast705_10.pgn,Nitrobeast705,0,34.8,102.6,50.0,67.4,0.435,2
nitrobeast705_100.pgn,Nitrobeast705,0,21.6,113.2,40.0,47.9,0.216,2
nitrobeast705_101.pgn,Nitrobeast705,0,44.4,72.8,50.0,81.0,0.444,5
nitrobeast705_102.pgn,Nitrobeast705,0,50.0,37.4,50.0,36.1,0.5,2
nitrobeast705_103.pgn,Nitrobeast705,0,46.2,73.0,70.0,19.0,0.577,3
nitrobeast705_106.pgn,Nitrobeast705,0,26.7,80.0,40.0,20.0,0.267,3
nitrobeast705_107.pgn,Nitrobeast705,0,38.9,91.2,70.0,39.8,0.389,4
nitrobeast705_108.pgn,Nitrobeast705,0,30.6,79.8,80.0,21.2,0.528,7
nitrobeast705_109.pgn,Nitrobeast705,0,30.8,105.3,70.0,21.7,0.385,4
nitrobeast705_11.pgn,Nitrobeast705,0,27.3,130.8,50.0,62.7,0.303,2
nitrobeast705_111.pgn,Nitrobeast705,0,21.7,88.0,40.0,52.2,0.261,2
nitrobeast705_112.pgn,Nitrobeast705,0,41.7,47.3,50.0,47.1,0.5,3
nitrobeast705_114.pgn,Nitrobeast705,0,35.0,41.0,60.0,28.6,0.5,2
nitrobeast705_115.pgn,Nitrobeast705,0,27.6,69.7,50.0,26.8,0.379,2
nitrobeast705_116.pgn,Nitrobeast705,0,7.7,80.2,60.0,45.1,0.269,4
nitrobeast705_117.pgn,Nitrobeast705,0,33.3,32.7,50.0,32.7,0.5,1
nitrobeast705_118.pgn,Nitrobeast705,0,44.4,61.0,55.6,61.0,0.556,2
nitrobeast705_119.pgn,Nitrobeast705,0,33.3,39.1,50.0,44.4,0.5,4
nitrobeast705_12.pgn,Nitrobeast705,0,50.0,23.1,70.0,12.3,0.618,5
nitrobeast705_120.pgn,Nitrobeast705,0,28.6,83.7,42.9,83.7,0.429,1
nitrobeast705_121.pgn,Nitrobeast705,0,25.0,131.4,37.5,131.4,0.375,2
nitrobeast705_122.pgn,Nitrobeast705,0,32.1,89.5,50.0,38.6,0.357,2
nitrobeast705_123.pgn,Nitrobeast705,0,39.1,126.1,70.0,40.6,0.435,3
nitrobeast705_125.pgn,Nitrobeast705,0,38.9,72.7,60.0,21.3,0.444,3
nitrobeast705_126.pgn,Nitrobeast705,0,46.7,57.1,80.0,32.6,0.6,5
nitrobeast705_127.pgn,Nitrobeast705,0,51.6,48.3,60.0,15.2,0.516,3
nitrobeast705_128.pgn,Nitrobeast705,0,43.5,106.5,70.0,13.2,0.565,3
nitrobeast705_129.pgn,Nitrobeast705,0,28.0,145.0,50.0,47.1,0.32,2
synthetic_cheater_0.pgn,engine_cheater_sim_white,1,60.0,44.1,80.0,2.1,0.733,6
synthetic_cheater_0.pgn,engine_cheater_sim_black,1,53.3,28.2,80.0,10.2,0.667,7
synthetic_cheater_1.pgn,engine_cheater_sim_white,1,43.3,52.7,80.0,17.8,0.567,7
synthetic_cheater_1.pgn,engine_cheater_sim_black,1,50.0,53.7,70.0,11.0,0.567,5
synthetic_cheater_10.pgn,engine_cheater_sim_white,1,63.3,5.7,100.0,0.3,0.833,10
synthetic_cheater_10.pgn,engine_cheater_sim_black,1,63.3,21.0,90.0,3.6,0.733,8
synthetic_cheater_11.pgn,engine_cheater_sim_white,1,66.7,1.2,100.0,0.0,0.933,17
synthetic_cheater_11.pgn,engine_cheater_sim_black,1,80.0,0.6,100.0,0.0,0.967,22
synthetic_cheater_12.pgn,engine_cheater_sim_white,1,73.3,3.2,90.0,0.9,0.833,6
synthetic_cheater_12.pgn,engine_cheater_sim_black,1,66.7,3.1,100.0,0.0,0.8,11
synthetic_cheater_13.pgn,engine_cheater_sim_white,1,40.0,64.5,70.0,24.5,0.567,5
synthetic_cheater_13.pgn,engine_cheater_sim_black,1,40.0,57.5,70.0,11.8,0.533,4
synthetic_cheater_14.pgn,engine_cheater_sim_white,1,63.3,21.7,90.0,6.5,0.667,6
synthetic_cheater_14.pgn,engine_cheater_sim_black,1,46.7,45.2,70.0,5.7,0.567,3
synthetic_cheater_15.pgn,engine_cheater_sim_white,1,46.2,48.2,70.0,33.0,0.538,3
synthetic_cheater_15.pgn,engine_cheater_sim_black,1,57.7,17.6,100.0,0.5,0.692,12
synthetic_cheater_16.pgn,engine_cheater_sim_white,1,53.3,49.2,90.0,1.4,0.667,5
synthetic_cheater_16.pgn,engine_cheater_sim_black,1,60.0,37.6,90.0,8.5,0.667,5
synthetic_cheater_17.pgn,engine_cheater_sim_white,1,60.0,48.0,90.0,15.4,0.667,5
synthetic_cheater_17.pgn,engine_cheater_sim_black,1,66.7,46.8,90.0,11.2,0.733,8
synthetic_cheater_18.pgn,engine_cheater_sim_white,1,46.7,98.8,70.0,32.8,0.6,3
synthetic_cheater_18.pgn,engine_cheater_sim_black,1,63.3,89.5,90.0,1.7,0.733,9
synthetic_cheater_19.pgn,engine_cheater_sim_white,1,50.0,70.0,70.0,15.2,0.567,3
synthetic_cheater_19.pgn,engine_cheater_sim_black,1,53.3,80.3,90.0,20.2,0.633,5
synthetic_cheater_2.pgn,engine_cheater_sim_white,1,50.0,44.5,90.0,3.1,0.633,7
synthetic_cheater_2.pgn,engine_cheater_sim_black,1,63.3,22.8,80.0,10.6,0.667,4
synthetic_cheater_20.pgn,engine_cheater_sim_white,1,43.3,71.4,80.0,14.6,0.633,5
synthetic_cheater_20.pgn,engine_cheater_sim_black,1,53.3,35.6,90.0,3.3,0.733,7
synthetic_cheater_3.pgn,engine_cheater_sim_white,1,66.7,38.8,100.0,0.5,0.833,10
synthetic_cheater_3.pgn,engine_cheater_sim_black,1,50.0,16.0,80.0,3.7,0.7,5
synthetic_cheater_4.pgn,engine_cheater_sim_white,1,40.0,48.8,70.0,19.5,0.567,4
synthetic_cheater_4.pgn,engine_cheater_sim_black,1,56.7,57.4,70.0,15.9,0.6,6
synthetic_cheater_5.pgn,engine_cheater_sim_white,1,70.0,33.2,90.0,6.0,0.767,9
synthetic_cheater_5.pgn,engine_cheater_sim_black,1,70.0,9.9,90.0,1.7,0.733,9
synthetic_cheater_6.pgn,engine_cheater_sim_white,1,73.3,36.5,100.0,0.0,0.767,14
synthetic_cheater_6.pgn,engine_cheater_sim_black,1,73.3,36.2,90.0,3.7,0.833,9
synthetic_cheater_7.pgn,engine_cheater_sim_white,1,63.3,7.0,100.0,0.0,0.8,12
synthetic_cheater_7.pgn,engine_cheater_sim_black,1,53.3,31.3,90.0,12.7,0.733,6
synthetic_cheater_8.pgn,engine_cheater_sim_white,1,83.3,10.2,100.0,0.0,0.933,17
synthetic_cheater_8.pgn,engine_cheater_sim_black,1,70.0,11.4,90.0,0.6,0.733,6
synthetic_cheater_9.pgn,engine_cheater_sim_white,1,66.7,19.5,100.0,0.0,0.767,12
synthetic_cheater_9.pgn,engine_cheater_sim_black,1,70.0,24.0,90.0,9.0,0.733,7
